"caption","ownerFullName","ownerUsername","url","commentsCount","firstComment","likesCount","timestamp","queryTag"
"","DREAMY DROPS","dreamy_drops8","https://www.instagram.com/p/DXnlsLPggQ-/","0",,"0","2026-04-27T02:36:29.000Z",
"","DREAMY DROPS","dreamy_drops8","https://www.instagram.com/p/DXnll1cApLp/","0",,"0","2026-04-27T02:35:37.000Z",
"","DREAMY DROPS","dreamy_drops8","https://www.instagram.com/p/DXnlikGAj_7/","0",,"0","2026-04-27T02:35:10.000Z",
"","DREAMY DROPS","dreamy_drops8","https://www.instagram.com/p/DXnlevnArIQ/","0",,"0","2026-04-27T02:34:39.000Z",
"","DREAMY DROPS","dreamy_drops8","https://www.instagram.com/p/DXnlbErguy9/","0",,"0","2026-04-27T02:34:09.000Z",
"","DREAMY DROPS","dreamy_drops8","https://www.instagram.com/p/DXnlXO4gstS/","0",,"0","2026-04-27T02:33:37.000Z",
"","DREAMY DROPS","dreamy_drops8","https://www.instagram.com/p/DXmJ5jgjbMC/","0",,"0","2026-04-26T13:14:24.000Z",
"","DREAMY DROPS","dreamy_drops8","https://www.instagram.com/p/DXmJz4MjV55/","0",,"0","2026-04-26T13:13:38.000Z",
"","DREAMY DROPS","dreamy_drops8","https://www.instagram.com/p/DXmJveqjRKv/","0",,"0","2026-04-26T13:13:02.000Z",
"","DREAMY DROPS","dreamy_drops8","https://www.instagram.com/p/DXmJIokjb03/","0",,"0","2026-04-26T13:07:43.000Z",
"","DREAMY DROPS","dreamy_drops8","https://www.instagram.com/p/DXmJFDzjQdG/","0",,"0","2026-04-26T13:07:14.000Z",
"","DREAMY DROPS","dreamy_drops8","https://www.instagram.com/p/DXmJBT2jUGq/","0",,"0","2026-04-26T13:06:43.000Z",
"","DREAMY DROPS","dreamy_drops8","https://www.instagram.com/p/DXmI73WjYnV/","0",,"0","2026-04-26T13:05:59.000Z",
"","DREAMY DROPS","dreamy_drops8","https://www.instagram.com/p/DXmI3_aDSLw/","0",,"0","2026-04-26T13:05:27.000Z",
"","DREAMY DROPS","dreamy_drops8","https://www.instagram.com/p/DXmI1pwjb8B/","0",,"0","2026-04-26T13:05:08.000Z",
"","DREAMY DROPS","dreamy_drops8","https://www.instagram.com/p/DXmItiRjfMq/","0",,"0","2026-04-26T13:04:01.000Z",
"","DREAMY DROPS","dreamy_drops8","https://www.instagram.com/p/DXl_q2JDSpb/","0",,"0","2026-04-26T11:45:01.000Z",
"","DREAMY DROPS","dreamy_drops8","https://www.instagram.com/p/DXl_l-ODQVy/","0",,"0","2026-04-26T11:44:21.000Z",
"","DREAMY DROPS","dreamy_drops8","https://www.instagram.com/p/DXl_d6zjb5Y/","0",,"0","2026-04-26T11:43:15.000Z",
"","DREAMY DROPS","dreamy_drops8","https://www.instagram.com/p/DXl-z5PDcqQ/","0",,"0","2026-04-26T11:37:31.000Z",
"","DREAMY DROPS","dreamy_drops8","https://www.instagram.com/p/DXl-VsgjTCI/","0",,"0","2026-04-26T11:33:23.000Z",
"","DREAMY DROPS","dreamy_drops8","https://www.instagram.com/p/DXl840ojQXL/","0",,"0","2026-04-26T11:20:42.000Z",
"","DREAMY DROPS","dreamy_drops8","https://www.instagram.com/p/DXl8uqbDX2L/","0",,"0","2026-04-26T11:19:19.000Z",
"","DREAMY DROPS","dreamy_drops8","https://www.instagram.com/p/DXl8MbajWx8/","0",,"0","2026-04-26T11:14:39.000Z",
